{"cameraMode":{"drawMode":0,"name":"Shaded","section":"Shading Mode"},"sceneLighting":true,"audioPlay":false,"sceneViewState":{"showFog":true,"showMaterialUpdate":false,"showSkybox":true,"showFlares":true,"showImageEffects":true,"showParticleSystems":true},"in2DMode":false,"pivot":{"x":-157.5378875732422,"y":-17.90969467163086,"z":159.9608154296875},"rotation":{"x":0.04231937974691391,"y":-0.3478461503982544,"z":0.016173508018255235,"w":0.9366763830184937},"size":279.2377014160156,"orthographic":false}