{"cameraMode":{"drawMode":0,"name":"Shaded","section":"Shading Mode"},"sceneLighting":true,"audioPlay":false,"sceneViewState":{"showFog":true,"showMaterialUpdate":false,"showSkybox":true,"showFlares":true,"showImageEffects":true,"showParticleSystems":true},"in2DMode":false,"pivot":{"x":-252.38958740234376,"y":-79.61514282226563,"z":-81.74883270263672},"rotation":{"x":-0.09194958955049515,"y":0.7719430327415466,"z":-0.11517863720655441,"w":-0.6186085343360901},"size":287.4625549316406,"orthographic":false}