{"cameraMode":{"drawMode":0,"name":"Shaded","section":"Shading Mode"},"sceneLighting":true,"audioPlay":false,"sceneViewState":{"showFog":true,"showMaterialUpdate":false,"showSkybox":true,"showFlares":true,"showImageEffects":true,"showParticleSystems":true},"in2DMode":false,"pivot":{"x":85.95160675048828,"y":-160.1397705078125,"z":-281.22589111328127},"rotation":{"x":0.04104246199131012,"y":0.9521073698997498,"z":-0.26593267917633059,"w":0.14625339210033418},"size":318.21826171875,"orthographic":false}